SchoolID,School,District
813,A C Houghton Elementary School,Morrow SD 1
822,Abernethy Elementary School,Portland SD 1J
1350,Abraham Lincoln Elementary,Medford SD 549C
4555,Academy for Character Education,South Lane SD 45J3
4440,Academy of Arts and Academics,Springfield SD 19
4540,Academy of International Studies (at Woodburn),Woodburn SD 103
4648,ACE Academy,Reynolds SD 7
27,Adams Elementary School,Corvallis SD 509J
503,Adams Elementary School,Eugene SD 4J
498,Adel Elementary School,Adel SD 21
707,Adrian Elementary School,Adrian SD 61
708,Adrian High School,Adrian SD 61
1353,Agnes Stewart Middle School,Springfield SD 19
694,Aiken Elementary School,Ontario SD 8C
823,Ainsworth Elementary School,Portland SD 1J
1791,Al Kennedy Alternative High School,South Lane SD 45J3
692,Alameda Elementary School,Ontario SD 8C
824,Alameda Elementary School,Portland SD 1J
3950,Albany Options School,Greater Albany Public SD 8J
4364,Alberta Rider Elementary School,Tigard-Tualatin SD 23J
2513,Albina Head Start,ODE Head Start
3530,Alder Creek Middle School,North Clackamas SD 12
943,Alder Elementary School,Reynolds SD 7
980,Alice Ott Middle School,David Douglas SD 40
435,Allen Dale Elementary School,Grants Pass SD 7
4585,Alliance Charter Academy,Oregon City SD 62
4507,Alliance High School,Portland SD 1J
1186,Aloha High School,Beaverton SD 48J
1153,Aloha-Huber Park School,Beaverton SD 48J
16,Alsea Elementary School,Alsea SD 7J
17,Alsea High School,Alsea SD 7J
1324,Amity Creek Elementary School,Bend-LaPine Administrative SD 1
1208,Amity Elementary School,Amity SD 4J
1210,Amity High School,Amity SD 4J
1209,Amity Middle School,Amity SD 4J
705,Annex Charter School,Annex SD 29
1335,Antonia Crater Elementary School,Newberg SD 29J
589,Applegate Elementary School,Crow-Applegate-Lorane SD 66
402,Applegate Elementary School,Three Rivers/Josephine County SD
3168,Arata Creek School,Multnomah ESD
1334,Archer Glen Elementary School,Sherwood SD 88J
4805,Arco Iris Spanish Immersion School,Beaverton SD 48J
4762,Ardenwald Elementary School,North Clackamas SD 12
826,Arleta Elementary School,Portland SD 1J
323,Arlington Community Charter School,Arlington SD 3
3247,Armadillo Technical Institute,Phoenix-Talent SD 4
1039,Armand Larive Middle School,Hermiston SD 8
3580,Arthur Academy,David Douglas SD 40
1304,Arts and Communication Magnet Academy,Beaverton SD 48J
4554,Arts and Technology Academy at Jefferson,Eugene SD 4J
4773,Arts and Technology High School,West Linn-Wilsonville SD 3J
3464,Ash Creek Elementary School,Central SD 13J
381,Ashland High School,Ashland SD 5
380,Ashland Middle School,Ashland SD 5
427,Ashwood Elementary School,Ashwood SD 8
143,Astor Elementary School,Astoria SD 1
827,Astor Elementary School,Portland SD 1J
144,Astoria Middle School,Astoria SD 1
146,Astoria Senior High School,Astoria SD 1
1053,Athena Elementary School,Athena-Weston SD 29RJ
1287,Athey Creek Middle School,West Linn-Wilsonville SD 3J
828,Atkinson Elementary School,Portland SD 1J
728,Auburn Elementary School,Salem-Keizer SD 24J
719,Aumsville Elementary School,Cascade SD 5
504,Awbrey Park Elementary School,Eugene SD 4J
235,Azalea Middle School,Brookings-Harbor SD 17C
2792,Baker County Jail,Baker SD 5J
4759,Baker Early College,Baker SD 5J
8,Baker High School,Baker SD 5J
1,Baker Middle School,Baker SD 5J
4434,Baker Prairie Middle School,Canby SD 86
4728,Baker Web Academy,Baker SD 5J
218,Bandon Senior High School,Bandon SD 54
1120,Banks Elementary School,Banks SD 13
1124,Banks High School,Banks SD 13
1123,Banks Middle School,Banks SD 13
1154,Barnes Elementary School,Beaverton SD 48J
5066,Battle Creek Elementary School,Salem-Keizer SD 24J
830,Beach Elementary School,Portland SD 1J
241,Bear Creek Elementary School,Bend-LaPine Administrative SD 1
831,Beaumont Middle School,Portland SD 1J
1155,Beaver Acres Elementary School,Beaverton SD 48J
105,Beavercreek Elementary School,Oregon City SD 62
1187,Beaverton High School,Beaverton SD 48J
375,Bellview Elementary School,Ashland SD 5
251,Bend Senior High School,Bend-LaPine Administrative SD 1
906,Benson Polytechnic High School,Portland SD 1J
2793,Benton County Jail,Corvallis SD 509J
784,Bethany Charter School,Silver Falls SD 4J
1156,Bethany Elementary School,Beaverton SD 48J
857,Beverly Cleary School ,Portland SD 1J
3458,Big Muddy Elementary,Jefferson County SD 509J
65,Bilquist Elementary School,North Clackamas SD 12
428,Black Butte Elementary School,Black Butte SD 41
18,Blodgett Elementary School,Philomath SD 17J
192,Blossom Gulch Elementary School,Coos Bay SD 9
1272,Boeckman Creek Primary School,West Linn-Wilsonville SD 3J
573,Bohemia Elementary School,South Lane SD 45J3
833,Boise-Eliot Elementary School,Portland SD 1J
3455,Bolton Primary School,West Linn-Wilsonville SD 3J
467,Bonanza Elementary School,Klamath County SD
482,Bonanza Junior/Senior High School,Klamath County SD
4671,Bonny Slope Elementary School,Beaverton SD 48J
3913,Boones Ferry Primary School,West Linn-Wilsonville SD 3J
97,Boring Middle School,Oregon Trail SD 46
907,Boys & Girls Aid Society/Johns Landing School,Portland SD 1J
1135,Bridgeport Elementary School,Tigard-Tualatin SD 23J
834,Bridger Elementary School,Portland SD 1J
835,Bridlemile Elementary School,Portland SD 1J
542,Briggs Middle School,Springfield SD 19
480,Brixner Junior High School,Klamath County SD
150,Broadway Middle School,Seaside SD 10
3624,Brockway Elementary School,Winston-Dillard SD 116
237,Brookings-Harbor High School,Brookings-Harbor SD 17C
2,Brooklyn Primary School,Baker SD 5J
1112,Brookwood Elementary School,Hillsboro SD 1J
731,Brush College Elementary School,Salem-Keizer SD 24J
250,Buckingham Elementary School,Bend-LaPine Administrative SD 1
837,Buckman Elementary School,Portland SD 1J
1241,Buena Vista Elementary School,Eugene SD 4J
429,Buff Intermediate School,Jefferson County SD 509J
3740,Burns Alternative School,Harney County SD 3
359,Burns High School,Harney County SD 3
3347,Burnt River School,Burnt River SD 30J
732,Bush Elementary School,Salem-Keizer SD 24J
3649,Butler Creek Elementary School,Centennial SD 28J
119,Butte Creek Elementary School,Silver Falls SD 4J
406,Butte Falls Charter School,Butte Falls SD 91
1147,Butternut Creek Elementary School,Hillsboro SD 1J
693,Cairo Elementary School,Ontario SD 8C
506,Cal Young Middle School,Eugene SD 4J
632,Calapooia Middle School,Greater Albany Public SD 8J
4739,Camas Ridge Community Elementary ,Eugene SD 4J
3400,Camas Valley School,Camas Valley SD 21J
140,Canby High School,Canby SD 86
733,Candalaria Elementary School,Salem-Keizer SD 24J
106,Candy Lane Elementary School,Oregon City SD 62
289,Canyonville School,South Umpqua SD 19
838,Capitol Hill Elementary School,Portland SD 1J
92,Carus School,Canby SD 86
4475,Cascade Heights Public Charter School,North Clackamas SD 12
810,Cascade Junior High School,Cascade SD 5
3372,Cascade Locks School,Hood River County SD
242,Cascade Middle School,Bend-LaPine Administrative SD 1
581,Cascade Middle School,Bethel SD 52
2322,Cascade Regional Program,Linn Benton Lincoln ESD
811,Cascade Senior High School,Cascade SD 5
652,Cascades School,Lebanon Community SD 9
3582,Catholic Community Services,Salem-Keizer SD 24J
1337,Cecil Sly Elementary School,Crook County SD
1307,Cecile Trost Elementary School,Canby SD 86
1158,Cedar Mill Elementary School,Beaverton SD 48J
1180,Cedar Park Middle School,Beaverton SD 48J
102,Cedar Ridge Middle School,Oregon Trail SD 46
45,Cedaroak Park Primary School,West Linn-Wilsonville SD 3J
676,Centennial Elementary School,Scio SD 95
544,Centennial Elementary School,Springfield SD 19
967,Centennial High School,Centennial SD 28J
960,Centennial Middle School,Centennial SD 28J
1367,Centennial Park School,Centennial SD 28J
3553,Center for Advanced Learning,Gresham-Barlow SD 10J
631,Central Elementary School,Greater Albany Public SD 8J
1066,Central Elementary School,La Grande SD 1
1002,Central High School,Central SD 13J
807,Central Howell Elementary School,Silver Falls SD 4J
1311,Central Linn Elementary School,Central Linn SD 552
687,Central Linn High School,Central Linn SD 552
3554,Central Medford High School,Medford SD 549C
1057,Central Middle School,Milton-Freewater Unified SD 7
4105,Central Oregon Even Start Program,High Desert ESD
2293,Central Oregon Regional Program,High Desert ESD
382,Central Point Elementary School,Central Point SD 6
1368,Century High School,Hillsboro SD 1J
4146,Cesar Chavez Elementary School,Eugene SD 4J
841,Cesar Chavez K-8 School,Portland SD 1J
5064,Cesar E Chavez Elem ,Salem-Keizer SD 24J
839,Chapman Elementary School,Portland SD 1J
1244,Chapman Hill Elementary School,Salem-Keizer SD 24J
1240,Charlemagne at Fox Hollow Elementary School,Eugene SD 4J
1136,Charles F Tigard Elementary School,Tigard-Tualatin SD 23J
1159,Chehalem Elementary School,Beaverton SD 48J
1336,Chehalem Valley Middle School,Newberg SD 29J
28,Cheldelin Middle School,Corvallis SD 509J
1093,Chenowith Elementary School,North Wasco County SD 21
972,Cherry Park Elementary School,David Douglas SD 40
878,Chief Joseph/Ockley Green School,Portland SD 1J
878,Chief Joseph/Ockley Green School,Portland SD 1J
42,Childrens Farm Home,Linn Benton Lincoln ESD
4395,Childs Way Charter School,South Lane SD 45J3
468,Chiloquin Elementary School,Klamath County SD
483,Chiloquin High School,Klamath County SD
540,Churchill High School,Eugene SD 4J
4206,City View Charter School,Hillsboro SD 1J
4802,Clackamas Academy of Industrial Sciences,Oregon City SD 62
1395,Clackamas County Childrens Commission,ODE Head Start
2794,Clackamas County Jail,Oregon City SD 62
3510,Clackamas ESD Prekindergarten,ODE Head Start
85,Clackamas High School,North Clackamas SD 12
4226,Clackamas Middle College,North Clackamas SD 12
131,Clackamas River Elementary School,Estacada SD 108
4689,Clackamas River School,Clackamas ESD
4223,Clackamas Web Academy,North Clackamas SD 12
3373,Claggett Creek Middle School,Salem-Keizer SD 24J
1031,Clara Brownell Middle School,Umatilla SD 6R
93,Clarkes Elementary School,Molalla River SD 35
163,Clatskanie Elementary School,Clatskanie SD 6J
168,Clatskanie Middle/High School,Clatskanie SD 6J
2795,Clatsop County Jail,Astoria SD 1
1312,Clear Creek Middle School,Gresham-Barlow SD 10J
582,Clear Lake Elementary School,Bethel SD 52
734,Clear Lake Elementary School,Salem-Keizer SD 24J
3162,Clemens Primary School,Philomath SD 17J
909,Cleveland High School,Portland SD 1J
633,Clover Ridge Elementary School,Greater Albany Public SD 8J
806,Cloverdale Elementary School,Cascade SD 5
507,Coburg Community Charter School,Eugene SD 4J
291,Coffenberry Middle School,South Umpqua SD 19
2831,COIC Skill Lab,ODE JDEP District
1097,Colonel Wright Elementary School,North Wasco County SD 21
103,Colton Elementary School,Colton SD 53
104,Colton High School,Colton SD 53
1248,Colton Middle School,Colton SD 53
2716,Columbia County Education Campus,St Helens SD 502
2796,Columbia County Jail,St Helens SD 502
2373,Columbia Gorge ESD EI/ECSE-Wasco,David Douglas School District EI/ECSE (Area 6)
2356,Columbia Regional Program,Portland SD 1J
1228,Columbus Elementary School,McMinnville SD 40
2939,Community Action Head Start of Marion & Polk Counties,ODE Head Start
2539,Community Action Head Start of Washington County,ODE Head Start
2517,Community Action Team,ODE Head Start
1305,Community School,Beaverton SD 48J
2525,Community Services Consortium,ODE Head Start
1481,Community Works/Lithia Springs School,Ashland SD 5
325,Condon Elementary School,Condon SD 25J
326,Condon High School,Condon SD 25J
1319,Conestoga Middle School,Beaverton SD 48J
3672,Confederated Tribes of Grand Ronde Community of Oregon,ODE Head Start
3676,Confederated Tribes of the Warm Springs Reservation,ODE Head Start
1160,Cooper Mountain Elementary School,Beaverton SD 48J
2797,Coos County Jail,Coquille SD 8
191,Coquille Junior Senior High,Coquille SD 8
4025,Coquille Valley Elementary,Coquille SD 8
4747,Corbett Charter School,Corbett SD 39
5253,Corbett Enviro-STEM High School,Corbett SD 39
4592,Corbett School,Corbett SD 39
1128,Cornelius Elementary School,Forest Grove SD 15
1242,Corridor Elementary School,Eugene SD 4J
40,Corvallis High School,Corvallis SD 509J
580,Cottage Grove High School,South Lane SD 45J3
3434,Cove Charter School,Cove SD 15
346,Crane Elementary School,Harney County SD 4
358,Crane Union High School,Harney County Union High SD 1J
4557,Crater Academy of Health and Public Services,Central Point SD 6
5251,Crater Lake Charter Academy,Eagle Point SD 9
4561,Crater Renaissance Academy,Central Point SD 6
4559,Crater School of Business Innovation and Science,Central Point SD 6
4640,Creative Science School,Portland SD 1J
41,Crescent Valley High School,Corvallis SD 509J
570,Creslane Elementary School,Creswell SD 40
843,Creston Elementary School,Portland SD 1J
623,Crestview Heights School,Lincoln County SD
572,Creswell High School,Creswell SD 40
571,Creswell Middle School,Creswell SD 40
225,Crook County High School,Crook County SD
2798,Crook County Jail,Crook County SD
224,Crook County Middle School,Crook County SD
219,Crooked River Elementary School,Crook County SD
1329,Crossler Middle School,Salem-Keizer SD 24J
592,Crow Middle/High School,Crow-Applegate-Lorane SD 66
425,Culver Elementary School,Culver SD 4
426,Culver High School,Culver SD 4
1295,Culver Middle School,Culver SD 4
735,Cummings Elementary School,Salem-Keizer SD 24J
2799,Curry County Jail,Central Curry SD 1
1363,da Vinci Middle School,Portland SD 1J
995,Dallas High School,Dallas SD 2
491,Daly Middle School,Lake County SD 7
90,Damascus Middle School,Gresham-Barlow SD 10J
583,Danebo Elementary School,Bethel SD 52
983,David Douglas High School,David Douglas SD 40
949,Davis Elementary School,Reynolds SD 7
3348,Days Creek Charter School,Douglas County SD 15
1211,Dayton Grade School,Dayton SD 8
1212,Dayton High School,Dayton SD 8
1291,Dayton Jr High School,Dayton SD 8
3353,Dayville School,Dayville SD 16J
91,Deep Creek Elementary School,Gresham-Barlow SD 10J
1369,Deer Creek Elementary School,Tigard-Tualatin SD 23J
2800,Deschutes County Justice Center,Bend-LaPine Administrative SD 1
3426,Desert View Elementary School,Hermiston SD 8
3227,Destinations Academy,Coos Bay SD 9
932,Dexter McCarty Middle School,Gresham-Barlow SD 10J
348,Diamond Elementary School,Diamond SD 7
5201,Dillard Alternative High School,Winston-Dillard SD 116
1129,Dilley Elementary School,Forest Grove SD 15
4203,Doernbecher Childrens Hospital (educational program),Multnomah ESD
2848,Donald E Long School,ODE JDEP District
574,Dorena School,South Lane SD 45J3
352,Double O Elementary School,Double O SD 28
2801,Douglas County Jail,Douglas County SD 4
545,Douglas Gardens Elementary School,Springfield SD 19
316,Douglas High School,Winston-Dillard SD 116
350,Drewsey Elementary School,Drewsey SD 13
228,Driftwood Elementary School,Port Orford-Langlois SD 2CJ
1098,Dry Hollow Elementary School,North Wasco County SD 21
3402,Dufur School,Dufur SD 29
1216,Dundee Elementary School,Newberg SD 29J
844,Duniway Elementary School,Portland SD 1J
1315,Duniway Middle School,McMinnville SD 40
2714,Durham Center,Tigard-Tualatin SD 23J
1138,Durham Elementary School,Tigard-Tualatin SD 23J
3493,EAGLE CAP Innovative HS,Baker SD 5J
4850,Eagle Charter School,Oregon Department of Education
130,Eagle Creek Elementary School,Estacada SD 108
397,Eagle Point High School,Eagle Point SD 9
396,Eagle Point Middle School,Eagle Point SD 9
4020,Eagle Rock Elementary School,Eagle Point SD 9
4545,EagleRidge High School,Klamath Falls City Schools
3525,Earl Boyles Elementary,David Douglas SD 40
4589,Early College High School,Salem-Keizer SD 24J
1012,East Elementary School,Tillamook SD 9
933,East Gresham Elementary School,Gresham-Barlow SD 10J
941,East Orient Elementary School,Gresham-Barlow SD 10J
318,East Sutherlin Primary School,Sutherlin SD 130
2519,Eastern Oregon Head Start,ODE Head Start
2371,Eastern Oregon Regional Program,InterMountain ESD
269,Eastwood Elementary School,Douglas County SD 4
1115,Eastwood Elementary School,Hillsboro SD 1J
2319,EC Cares EI/ECSE - Lane,Lane ESD-EI/ECSE (Area 7)
2309,EC Intervention Klamath Falls City SD EI/ECSE - Klamath,Douglas ESD EI/ECSE (Area 3)
3433,Echo School,Echo SD 5
1130,Echo Shaw Elementary School,Forest Grove SD 15
3361,Eddyville Charter School,Lincoln County SD
1774,Edgewood Community Elementary School,Eugene SD 4J
510,Edison Elementary School,Eugene SD 4J
1142,Edward Byrom Elementary School,Tigard-Tualatin SD 23J
1217,Edwards Elementary School,Newberg SD 29J
4730,Edy Ridge Elementary School,Sherwood SD 88J
4005,El Puente,North Clackamas SD 12
1083,Elgin High School,Elgin SD 23
546,Elizabeth Page Elementary School,Springfield SD 19
1308,Elk Meadow Elementary School,Bend-LaPine Administrative SD 1
302,Elkton Charter School,Elkton SD 34
563,Elmira Elementary School,Fern Ridge SD 28J
567,Elmira High School,Fern Ridge SD 28J
1162,Elmonica Elementary School,Beaverton SD 48J
1326,Elton Gregory Middle School,Redmond SD 2J
3991,Emerson School,Portland SD 1J
736,Englewood Elementary School,Salem-Keizer SD 24J
4129,Ensworth Elementary School,Bend-LaPine Administrative SD 1
1090,Enterprise Elementary School,Enterprise SD 21
1091,Enterprise High School,Enterprise SD 21
4505,Eola Hills Charter School,Amity SD 4J
1161,Errol Hassell Elementary School,Beaverton SD 48J
4760,Estacada Early College,Estacada SD 108
135,Estacada High School,Estacada SD 108
134,Estacada Junior High School,Estacada SD 108
4670,Estacada Web Academy,Estacada SD 108
537,Eugene Education Options,Eugene SD 4J
714,Eugene Field Elementary School,Silver Falls SD 4J
4110,Even Start Family Literacy System,South Coast ESD
718,Evergreen Elementary School,Silver Falls SD 4J
443,Evergreen Elementary School,Three Rivers/Josephine County SD
1197,Evergreen Jr High School,Hillsboro SD 1J
1218,Ewing Young Elementary School,Newberg SD 29J
751,Eyre Elementary School,Salem-Keizer SD 24J
584,Fairfield Elementary School,Bethel SD 52
945,Fairview Elementary School,Reynolds SD 7
4848,Falcon Heights Academy,Klamath County SD
1005,Falls City Elementary School,Falls City SD 57
1006,Falls City High School,Falls City SD 57
1339,Family School,Eugene SD 4J
2434,Family Solutions - Ashland,Ashland SD 5
3652,Family Solutions - Central Point,Central Point SD 6
1275,Family Solutions - Grants Pass,Grants Pass SD 7
3653,Family Solutions - Medford,Medford SD 549C
1189,Farmington View Elementary School,Hillsboro SD 1J
847,Faubion Elementary School,Portland SD 1J
1235,Faulconer-Chapman School,Sheridan SD 48J
470,Ferguson Elementary School,Klamath County SD
3986,Fern Hill Elementary School,Forest Grove SD 15
564,Fern Ridge Middle School,Fern Ridge SD 28J
1041,Ferndale Elementary School,Milton-Freewater Unified SD 7
357,Fields Elementary School,South Harney SD 33
1370,Findley Elementary,Beaverton SD 48J
1163,Fir Grove Elementary School,Beaverton SD 48J
270,Fir Grove Elementary School,Douglas County SD 4
101,Firwood Elementary School,Oregon Trail SD 46
1181,Five Oaks Middle School,Beaverton SD 48J
444,Fleming Middle School,Three Rivers/Josephine County SD
981,Floyd Light Middle School,David Douglas SD 40
4595,Forest Grove Community School,Forest Grove SD 15
1134,Forest Grove High School,Forest Grove SD 15
53,Forest Hills Elementary School,Lake Oswego SD 7J
2413,Forest Park Elementary School,Portland SD 1J
3529,Forest Ridge Elementary School,Salem-Keizer SD 24J
1205,Fossil Charter School,Fossil SD 21J
662,Foster Elementary School,Sweet Home SD 55
738,Four Corners Elementary School,Salem-Keizer SD 24J
4040,Four Rivers Community School,Oregon Department of Education
911,Franklin High School,Portland SD 1J
1322,Franklin School,Corvallis SD 509J
4641,Free Orchards Elementary School,Hillsboro SD 1J
1058,Freewater Elementary School,Milton-Freewater Unified SD 7
490,Fremont/Hay Elementary School,Lake County SD 7
1268,French Prairie Middle School,Woodburn SD 103
351,Frenchglen Elementary School,Frenchglen SD 16
445,Fruitdale Elementary School,Three Rivers/Josephine County SD
446,Ft Vannoy Elementary School,Three Rivers/Josephine County SD
271,Fullerton IV Elementary School,Douglas County SD 4
109,Gaffney Lane Elementary School,Oregon City SD 62
115,Gardiner Middle School,Oregon City SD 62
30,Garfield Elementary School,Corvallis SD 509J
1020,Garibaldi Elementary School,Neah-Kah-Nie SD 56
1194,Gaston Elementary School,Gaston SD 511J
1195,Gaston Jr/Sr High School,Gaston SD 511J
1354,Gateways High School,Springfield SD 19
471,Gearhart Elementary School,Klamath County SD
153,Gearhart Elementary School,Seaside SD 10
849,George Middle School,Portland SD 1J
776,Gervais Elementary School,Gervais SD 1
808,Gervais High School,Gervais SD 1
786,Gervais Middle School,Gervais SD 1
973,Gilbert Heights Elementary School,David Douglas SD 40
974,Gilbert Park Elementary School,David Douglas SD 40
472,Gilchrist Elementary School,Klamath County SD
484,Gilchrist Junior/Senior High School,Klamath County SD
513,Gilham Elementary School,Eugene SD 4J
4719,Gladstone Center for Children and Families,Gladstone SD 115
138,Gladstone High School,Gladstone SD 115
850,Glencoe Elementary School,Portland SD 1J
1200,Glencoe High School,Hillsboro SD 1J
307,Glendale Community Charter School,Glendale SD 77
306,Glendale Elementary School,Glendale SD 77
946,Glenfair Elementary School,Reynolds SD 7
282,Glide Elementary School,Glide SD 12
285,Glide High School,Glide SD 12
284,Glide Middle School,Glide SD 12
239,Gold Beach High School,Central Curry SD 1
934,Gordon Russell Middle School,Gresham-Barlow SD 10J
1067,Grande Ronde Child Ctr,La Grande SD 1
2784,Grandhaven Elementary School,McMinnville SD 40
740,Grant Community School,Salem-Keizer SD 24J
2802,Grant County Jail,John Day SD 3
912,Grant High School,Portland SD 1J
331,Grant Union Junior/Senior High School,John Day SD 3
158,Grant Watts Elementary School,Scappoose SD 1J
442,Grants Pass High School,Grants Pass SD 7
852,Gray Middle School,Portland SD 1J
653,Green Acres School,Lebanon Community SD 9
272,Green Elementary School,Douglas County SD 4
1157,Greenway Elementary School,Beaverton SD 48J
1068,Greenwood Elementary School,La Grande SD 1
4601,Gresham Arthur Academy,Gresham-Barlow SD 10J
986,Gresham High School,Gresham-Barlow SD 10J
408,Griffin Creek Elementary School,Medford SD 549C
1152,Groner Elementary School,Hillsboro SD 1J
854,Grout Elementary School,Portland SD 1J
1059,Grove Elementary School,Milton-Freewater Unified SD 7
745,Gubser Elementary School,Salem-Keizer SD 24J
548,Guy Lee Elementary School,Springfield SD 19
4,Haines Elementary School,Baker SD 5J
936,Hall Elementary School,Gresham-Barlow SD 10J
54,Hallinan Elementary School,Lake Oswego SD 7J
3377,Hallman Elementary School,Salem-Keizer SD 24J
658,Hamilton Creek School,Lebanon Community SD 9
549,Hamlin Middle School,Springfield SD 19
3376,Hammond Elementary School,Salem-Keizer SD 24J
387,Hanby Middle School,Central Point SD 6
4763,Happy Valley Elementary School,North Clackamas SD 12
4715,Happy Valley Middle School,North Clackamas SD 12
216,Harbor Lights Middle School,Bandon SD 54
2803,Harney County Jail,Harney County SD 3
2298,Harney ESD EI/ECSE,High Desert ESD EI/ECSE - Deschutes (Area 2)
3362,Harper Charter School,Harper SD 66
659,Harrisburg Elementary School,Harrisburg SD 7J
689,Harrisburg High School,Harrisburg SD 7J
2723,Harrisburg Middle School,Harrisburg SD 7J
576,Harrison Elementary School,South Lane SD 45J3
842,Harrison Park School,Portland SD 1J
4068,Harritt Elementary School,Salem-Keizer SD 24J
947,Hartley Elementary School,Reynolds SD 7
1132,Harvey Clarke Elementary School,Forest Grove SD 15
954,Hauton B Lee Middle School,Reynolds SD 7
663,Hawthorne Elementary School,Sweet Home SD 55
4116,Hawthorne Middle/High School,Pendleton SD 16
755,Hayesville Elementary School,Salem-Keizer SD 24J
855,Hayhurst Elementary School,Portland SD 1J
1300,Hazelbrook Middle School,Tigard-Tualatin SD 23J
1164,Hazeldale Elementary School,Beaverton SD 48J
4198,Head Start of Harney County,ODE Head Start
1528,Head Start of Lane County,ODE Head Start
2541,Head Start of Yamhill County,ODE Head Start
4638,Health & Science School,Beaverton SD 48J
421,Hedrick Middle School,Medford SD 549C
1298,Helensview High School,Multnomah ESD
3364,Helix School,Helix SD 1
377,Helman Elementary School,Ashland SD 5
473,Henley Elementary School,Klamath County SD
485,Henley High School,Klamath County SD
481,Henley Middle School,Klamath County SD
342,Henry L Slater Elementary School,Harney County SD 3
815,Heppner Elementary School,Morrow SD 1
818,Heppner Junior/Senior High School,Morrow SD 1
1359,Heritage Elementary,Woodburn SD 103
1040,Hermiston High School,Hermiston SD 8
455,Hidden Valley High School,Three Rivers/Josephine County SD
2294,High Desert ESD EI/ECSE - Deschutes (Area 2),High Desert ESD
2307,High Desert ESD EI/ECSE-Warm Springs Early Childhood Center,High Desert ESD EI/ECSE - Deschutes (Area 2)
1309,High Desert Middle School,Bend-LaPine Administrative SD 1
3218,High Lakes Elementary School,Bend-LaPine Administrative SD 1
436,Highland Elementary School,Grants Pass SD 7
935,Highland Elementary School,Gresham-Barlow SD 10J
309,Highland Elementary School,Reedsport SD 105
743,Highland Elementary School,Salem-Keizer SD 24J
1034,Highland Hills Elementary School,Hermiston SD 8
1184,Highland Park Middle School,Beaverton SD 48J
3219,Highland School at Kenwood Elementary School,Bend-LaPine Administrative SD 1
166,Hilda Lahti Elementary School,Knappa SD 4
204,Hillcrest Elementary School,North Bend SD 13
1201,Hillsboro High School,Hillsboro SD 1J
4973,Hillsboro Online Academy,Hillsboro SD 1J
390,Hillside Elementary,Eagle Point SD 9
355,Hines Middle School,Harney County SD 3
1165,Hiteon Elementary School,Beaverton SD 48J
3543,Hogan Cedars Elementary School,Gresham-Barlow SD 10J
107,Holcomb Elementary School,Oregon City SD 62
664,Holley Elementary School,Sweet Home SD 55
937,Hollydale Elementary School,Gresham-Barlow SD 10J
4157,Holt Elementary School,Eugene SD 4J
2270,Homestead Youth & Family Services,Pendleton SD 16
2804,Hood River County Jail,Hood River County SD
2299,Hood River County SD - EI/ECSE,David Douglas School District EI/ECSE (Area 6)
361,Hood River Middle School,Hood River County SD
369,Hood River Valley High School,Hood River County SD
33,Hoover Elementary School,Corvallis SD 509J
409,Hoover Elementary School,Medford SD 549C
744,Hoover Elementary School,Salem-Keizer SD 24J
4867,Hope Chinese Charter School,Beaverton SD 48J
858,Hosford Middle School,Portland SD 1J
1330,Houck Middle School,Salem-Keizer SD 24J
124,Howard Eccles Elementary School,Canby SD 86
515,Howard Elementary School,Eugene SD 4J
410,Howard Elementary School,Medford SD 549C
1358,Howard Street Charter,Salem-Keizer SD 24J
273,Hucrest Elementary School,Douglas County SD 4
171,Hudson Park Elementary School,Rainier SD 13
327,Humbolt Elementary School,John Day SD 3
3351,Huntington School,Huntington SD 16J
456,Illinois Valley High School,Three Rivers/Josephine County SD
1079,Imbler Charter School,Imbler SD 11
3536,Imlay Elementary School,Hillsboro SD 1J
1084,Imnaha Elementary School,Joseph SD 6
4637,Inavale Community Partners dba Muddy Creek Charter School ,Corvallis SD 509J
998,Independence Elementary School,Central SD 13J
1148,Indian Hills Elementary School,Hillsboro SD 1J
4743,Innovative Learning Center,Hermiston SD 8
5150,Insight School of Oregon-Charter Option,Crook County SD
4474,International School of Beaverton,Beaverton SD 48J
46,Inza R Wood Middle School,West Linn-Wilsonville SD 3J
3363,Ione Community Charter School,Ione SD R2
4048,Irrigon Elementary School,Morrow SD 1
817,Irrigon Junior/Senior High School,Morrow SD 1
585,Irving Elementary School,Bethel SD 52
861,Irvington Elementary School,Portland SD 1J
1355,Isaac Newton Magnet School,Lincoln County SD
1069,Island City Elementary School,La Grande SD 1
1191,J Clyde Hopkins Elementary School,Sherwood SD 88J
1199,J W Poynter Middle School,Hillsboro SD 1J
2805,Jackson County Jail,Medford SD 549C
2836,Jackson County Juvenile,ODE JDEP District
1285,Jackson Elementary School,Hillsboro SD 1J
411,Jackson Elementary School,Medford SD 549C
1277,Jackson Middle School,Portland SD 1J
412,Jacksonville Elementary School,Medford SD 549C
3437,Jacob Wismer Elementary School,Beaverton SD 48J
862,James John Elementary School,Portland SD 1J
1139,James Templeton Elementary School,Tigard-Tualatin SD 23J
4210,Jane Goodall Environmental Middle Charter School,Salem-Keizer SD 24J
908,Janus Youth Programs,Portland SD 1J
2273,Janus Youth Programs--Cordero House,Tigard-Tualatin SD 23J
1792,Jasper Mountain Center,Springfield SD 19
2806,Jefferson County Jail,Jefferson County SD 509J
1773,Jefferson County Middle School,Jefferson County SD 509J
35,Jefferson Elementary School,Corvallis SD 509J
721,Jefferson Elementary School,Jefferson SD 14J
413,Jefferson Elementary School,Medford SD 549C
723,Jefferson High School,Jefferson SD 14J
913,Jefferson High School,Portland SD 1J
722,Jefferson Middle School,Jefferson SD 14J
110,Jennings Lodge Elementary School,Oregon City SD 62
3352,Jewell School,Jewell SD 8
383,Jewett Elementary School,Central Point SD 6
4342,Joan Austin Elementary School,Newberg SD 29J
278,John C Fremont Middle School,Douglas County SD 4
794,John F Kennedy High School,Mt Angel SD 91
114,John McLoughlin Elementary School,Oregon City SD 62
4476,John Muir Elementary School ,Ashland SD 5
258,John Tuck Elementary School,Redmond SD 2J
136,John Wetten Elementary School,Gladstone SD 115
691,Jordan Valley Elementary School,Jordan Valley SD 3
712,Jordan Valley High School,Jordan Valley SD 3
1087,Joseph Charter School,Joseph SD 6
459,Joseph Conger Elementary School,Klamath Falls City Schools
1133,Joseph Gale Elementary School,Forest Grove SD 15
279,Joseph Lane Middle School,Douglas County SD 4
2807,Josephine County Jail,Grants Pass SD 7
765,Judson Middle School,Salem-Keizer SD 24J
597,Junction City High School,Junction City SD 69
246,Juniper Elementary School,Bend-LaPine Administrative SD 1
700,Juntura Elementary School,Juntura SD 12
4603,Kairos - Coastline,North Bend SD 13
1782,Kairos - New Beginnings,Three Rivers/Josephine County SD
3150,Kairos - Three Bridges,Three Rivers/Josephine County SD
5218,Kairos PDX,Portland SD 1J
4858,Kalapuya Elementary School,Salem-Keizer SD 24J
3566,Kalapuya High School,Bethel SD 52
236,Kalmiopsis Elementary School,Brookings-Harbor SD 17C
5,Keating Elementary School,Baker SD 5J
747,Keizer Elementary School,Salem-Keizer SD 24J
1313,Kelly Creek Elementary School,Gresham-Barlow SD 10J
864,Kelly Elementary School,Portland SD 1J
518,Kelly Middle School,Eugene SD 4J
99,Kelso Elementary School,Oregon Trail SD 46
416,Kennedy Elementary School,Medford SD 549C
746,Kennedy Elementary School,Salem-Keizer SD 24J
519,Kennedy Middle School,Eugene SD 4J
474,Keno Elementary School,Klamath County SD
953,Kerr Youth Center/Wynne Watts School ,Multnomah ESD
2522,Kids and Company of Linn County (KIDCO) Head Start,ODE Head Start
5205,Kids Unlimited Academy,Medford SD 549C
866,King Elementary School,Portland SD 1J
3440,Kings Valley Charter School,Philomath SD 17J
1166,Kinnaman Elementary School,Beaverton SD 48J
2808,Klamath County Jail,Klamath Falls City Schools
2839,Klamath County Juvenile,ODE JDEP District
2523,Klamath Family Head Start,ODE Head Start
487,Klamath Union High School,Klamath Falls City Schools
1257,Klamath Youth Development Center,Klamath Falls City Schools
169,Knappa High School,Knappa SD 4
4822,KNOVA Reynolds Public Charter School,Reynolds SD 7
1073,La Grande High School,La Grande SD 1
1072,La Grande Middle School,La Grande SD 1
671,Lacomb School,Lebanon Community SD 9
994,LaCreole Middle School,Dallas SD 2
1150,Ladd Acres Elementary School,Hillsboro SD 1J
640,Lafayette Elementary School,Greater Albany Public SD 8J
2809,Lake County Jail,Lake County SD 7
3147,Lake Creek Learning Center,Eagle Point SD 9
2312,Lake ESD EI/ECSE,Douglas ESD EI/ECSE (Area 3)
55,Lake Grove Elementary School,Lake Oswego SD 7J
59,Lake Oswego Middle School,Lake Oswego SD 7J
61,Lake Oswego Senior High School,Lake Oswego SD 7J
62,Lakeridge High School,Lake Oswego SD 7J
60,Lakeridge Middle School,Lake Oswego SD 7J
492,Lakeview Senior High School,Lake County SD 7
3375,Lamb Elementary School,Salem-Keizer SD 24J
2841,Lane County Dept of Youth,ODE JDEP District
2810,Lane County Jail,Eugene SD 4J
1243,Lane Middle School,Portland SD 1J
2317,Lane Regional Program,Lane ESD
245,LaPine Elementary School,Bend-LaPine Administrative SD 1
1310,LaPine Middle School,Bend-LaPine Administrative SD 1
253,LaPine Senior High School,Bend-LaPine Administrative SD 1
577,Latham Elementary School,South Lane SD 45J3
595,Laurel Elementary School,Junction City SD 69
4731,Laurel Ridge Middle School,Sherwood SD 88J
868,Laurelhurst Elementary School,Portland SD 1J
1317,Lava Ridge Elementary School,Bend-LaPine Administrative SD 1
5060,Le Monde French Immersion Public Charter School,Portland SD 1J
4464,Leadership and Entrepreneurship Public Charter High School,Portland SD 1J
688,Lebanon High School,Lebanon Community SD 9
869,Lee Elementary School,Portland SD 1J
3526,Lee Elementary School,Salem-Keizer SD 24J
1800,Legacy Emanuel Hospital (educational program),Multnomah ESD
1110,Lenox Elementary School,Hillsboro SD 1J
870,Lent Elementary School,Portland SD 1J
766,Leslie Middle School,Salem-Keizer SD 24J
4764,Lewelling Elementary School,North Clackamas SD 12
147,Lewis & Clark Elementary School,Astoria SD 1
3569,Lewis & Clark Elementary School,St Helens SD 502
4667,Lewis and Clark Montessori Charter School,Gresham-Barlow SD 10J
871,Lewis Elementary School,Portland SD 1J
641,Liberty Elementary School,Greater Albany Public SD 8J
749,Liberty Elementary School,Salem-Keizer SD 24J
1013,Liberty Elementary School,Tillamook SD 9
4018,Liberty High School,Hillsboro SD 1J
4846,Lifeways Inc,InterMountain ESD
1284,Lifeworks Northwest,Northwest Regional ESD
3615,Lighthouse Charter School,North Bend SD 13
3240,Lincoln City Career Technical High School,Lincoln County SD
2811,Lincoln County Jail,Lincoln County SD
2842,Lincoln County Juvenile,ODE JDEP District
36,Lincoln Elementary School,Corvallis SD 509J
437,Lincoln Elementary School,Grants Pass SD 7
1267,Lincoln Elementary School,Woodburn SD 103
914,Lincoln High School,Portland SD 1J
266,Lincoln Middle School,Oakland SD 1
579,Lincoln Middle School,South Lane SD 45J3
975,Lincoln Park Elementary School,David Douglas SD 40
1046,Lincoln Primary School,Pendleton SD 16
448,Lincoln Savage Middle School,Three Rivers/Josephine County SD
189,Lincoln School of Early Learning,Coquille SD 8
4642,Lincoln Street Elementary School,Hillsboro SD 1J
2812,Linn County Jail,Greater Albany Public SD 8J
2843,Linn County Juvenile Detention,ODE JDEP District
38,Linus Pauling Middle School,Corvallis SD 509J
4765,Linwood Elementary School,North Clackamas SD 12
872,Llewellyn Elementary School,Portland SD 1J
4821,Logos Public Charter School,Medford SD 549C
578,London School,South Lane SD 45J3
414,Lone Pine Elementary School,Medford SD 549C
3366,Long Creek School,Long Creek SD 17
313,Lookingglass Elementary School,Winston-Dillard SD 116
449,Lorna Byrne Middle School,Three Rivers/Josephine County SD
486,Lost River High School,Klamath County SD
2994,Lourdes School,Scio SD 95
599,Lowell Junior/Senior High School,Lowell SD 71
5056,Lowrie Primary School,West Linn-Wilsonville SD 3J
3461,Luckiamute Valley Charter School,Dallas SD 2
598,Lundy Elementary School,Lowell SD 71
989,Lyle Elementary School,Dallas SD 2
959,Lynch Meadows Elementary School,Centennial SD 28J
964,Lynch View Elementary School,Centennial SD 28J
965,Lynch Wood Elementary School,Centennial SD 28J
259,M A Lynch Elementary School,Redmond SD 2J
1219,Mabel Rush Elementary School,Newberg SD 29J
196,Madison Elementary School,Coos Bay SD 9
915,Madison High School,Portland SD 1J
520,Madison Middle School,Eugene SD 4J
434,Madras High School,Jefferson County SD 509J
430,Madras Primary School,Jefferson County SD 509J
450,Madrona Elementary School,Three Rivers/Josephine County SD
4593,Madrone Trail Public Charter School,Medford SD 549C
586,Malabon Elementary School,Bethel SD 52
2526,Malheur County Child Development Center OPP Head Start Site ,ODE Head Start
2813,Malheur County Jail,Vale SD 84
2324,Malheur ESD EI/ECSE,InterMountain ESD EI/ECSE-Umatilla (Area 1)
475,Malin Elementary School,Klamath County SD
451,Manzanita Elementary School,Three Rivers/Josephine County SD
550,Maple Elementary School,Springfield SD 19
568,Mapleton Elementary School,Mapleton SD 32
569,Mapleton Jr/Sr High School,Mapleton SD 32
873,Maplewood Elementary School,Portland SD 1J
603,Marcola Elementary School,Marcola SD 79J
948,Margaret Scott Elementary School,Reynolds SD 7
656,Mari-Linn Elementary School,North Santiam SD 29J
2814,Marion County Jail,Salem-Keizer SD 24J
2846,Marion County Juvenile Detention,ODE JDEP District
715,Mark Twain Middle School,Silver Falls SD 4J
1278,Markham Elementary School,Portland SD 1J
1338,Marshall High School,Bend-LaPine Administrative SD 1
201,Marshfield Senior High School,Coos Bay SD 9
1137,Mary Woodward Elementary School,Tigard-Tualatin SD 23J
875,Marysville Elementary School,Portland SD 1J
1108,Maupin Elementary School,South Wasco County SD 1
696,May Roberts Elementary School,Ontario SD 8C
362,May Street Elementary School,Hood River County SD
488,Mazama High School,Klamath County SD
182,McBride Elementary School,St Helens SD 502
522,McCornack Elementary School,Eugene SD 4J
311,McGovern Elementary School,Winston-Dillard SD 116
1047,McKay Creek Elementary School,Pendleton SD 16
1168,McKay Elementary School,Beaverton SD 48J
771,McKay High School,Salem-Keizer SD 24J
593,McKenzie Elementary School,McKenzie SD 68
594,McKenzie High School,McKenzie SD 68
1169,McKinley Elementary School,Beaverton SD 48J
750,McKinley Elementary School,Salem-Keizer SD 24J
1064,McLoughlin High School,Milton-Freewater Unified SD 7
422,McLoughlin Middle School,Medford SD 549C
1234,McMinnville High School,McMinnville SD 40
1032,McNary Heights Elementary School,Umatilla SD 6R
772,McNary High School,Salem-Keizer SD 24J
1182,Meadow Park Middle School,Beaverton SD 48J
2264,Meadow View School,Bethel SD 52
274,Melrose Elementary School,Douglas County SD 4
1230,Memorial Elementary School,McMinnville SD 40
642,Memorial Middle School,Greater Albany Public SD 8J
976,Menlo Park Elementary School,David Douglas SD 40
1246,Merrick School,Clackamas ESD
476,Merrill Elementary School,Klamath County SD
431,Metolius Elementary School,Jefferson County SD 509J
4740,Metro East Web Academy,Gresham-Barlow SD 10J
916,Metropolitan Learning Center,Portland SD 1J
3029,Metsker Heights at Rainbow Family Services,Willamette ESD
1140,Metzger Elementary School,Tigard-Tualatin SD 23J
363,Mid Valley Elementary School,Hood River County SD
2527,Mid-Columbia Childrens Council Inc,ODE Head Start
3222,Middleton Elementary School,Sherwood SD 88J
977,Mill Park Elementary School,David Douglas SD 40
3215,Miller Elementary School,Salem-Keizer SD 24J
197,Millicoma School,Coos Bay SD 9
461,Mills Elementary School,Klamath Falls City Schools
4369,Milwaukie Academy of the Arts,North Clackamas SD 12
73,Milwaukie Elementary School,North Clackamas SD 12
86,Milwaukie High School,North Clackamas SD 12
1116,Minter Bridge Elementary School,Hillsboro SD 1J
176,Mist Elementary School,Vernonia SD 47J
3404,Mitchell School,Mitchell SD 55
604,Mohawk High School,Marcola SD 79J
94,Molalla Elementary School,Molalla River SD 35
142,Molalla High School,Molalla River SD 35
4745,Molalla River Academy,Molalla River SD 35
95,Molalla River Middle School,Molalla River SD 35
999,Monmouth Elementary School,Central SD 13J
1321,Monroe Grade School,Monroe SD 1J
43,Monroe High School,Monroe SD 1J
524,Monroe Middle School,Eugene SD 4J
2258,Monroe School,ODE YCEP District
1170,Montclair Elementary School,Beaverton SD 48J
3350,Monument School,Monument SD 8
1117,Mooberry Elementary School,Hillsboro SD 1J
753,Morningside Elementary School,Salem-Keizer SD 24J
1648,Morrison Center Counterpoint Program,Multnomah ESD
2275,Morrison Child & Family Services, Breakthrough,Portland SD 1J
1279,Morrison Child & Family Services, Hand In Hand ,Portland SD 1J
1095,Mosier Community School,North Wasco County SD 21
4849,Mosier Middle School,North Wasco County SD 21
1264,Mount Scott Elementary School,North Clackamas SD 12
5252,Mountain View Academy,Lowell SD 71
1183,Mountain View Middle School,Beaverton SD 48J
1221,Mountain View Middle School,Newberg SD 29J
252,Mountain View Senior High School,Bend-LaPine Administrative SD 1
792,Mt Angel Middle School,Mt Angel SD 91
1649,Mt Hood Community College Head Start Mt Hood Site,ODE Head Start
2832,Mt Nebo Alt Ed,ODE JDEP District
877,Mt Tabor Middle School,Portland SD 1J
554,Mt Vernon Elementary School,Springfield SD 19
37,Mt View Elementary School,Corvallis SD 509J
121,Mulino Elementary School,Molalla River SD 35
3579,Multi-sensory Instruction Teaching Children Hands-On (MITCH),Tigard-Tualatin SD 23J
3490,Multisensory Learning Academy,Reynolds SD 7
2815,Multnomah County Jail,Portland SD 1J
754,Myers Elementary School,Salem-Keizer SD 24J
290,Myrtle Creek Elementary School,South Umpqua SD 19
214,Myrtle Crest School,Myrtle Point SD 41
215,Myrtle Point High School,Myrtle Point SD 41
96,Naas Elementary School,Oregon Trail SD 46
1303,Nancy Ryles Elementary School,Beaverton SD 48J
1022,Neah-Kah-Nie High School,Neah-Kah-Nie SD 56
4481,Neah-Kah-Nie Middle School,Neah-Kah-Nie SD 56
1021,Nehalem Elementary School,Neah-Kah-Nie SD 56
2529,Neighborhood House,ODE Head Start
2929,NeighborImpact,ODE Head Start
1126,Neil Armstrong Middle School,Forest Grove SD 15
796,Nellie Muir Elementary School,Woodburn SD 103
1023,Nestucca High School,Nestucca Valley SD 101J
1019,Nestucca Valley Elementary,Nestucca Valley SD 101J
4041,Network Charter School,Eugene SD 4J
4004,New Urban High School,North Clackamas SD 12
1222,Newberg Senior High School,Newberg SD 29J
2260,Newbridge High School,ODE YCEP District
1231,Newby Elementary School,McMinnville SD 40
627,Newport High School,Lincoln County SD
625,Newport Intermediate School,Lincoln County SD
615,Newport Preparatory Academy,Lincoln County SD
1281,Nickerson Center ADTP,Portland SD 1J
127,Ninety-One School,Canby SD 86
4202,Nixyaawii Community School,Pendleton SD 16
3129,NORCOR Education Detention Center,ODE JDEP District
637,North Albany Elementary School,Greater Albany Public SD 8J
638,North Albany Middle School,Greater Albany Public SD 8J
205,North Bay Elementary School,North Bend SD 13
208,North Bend Middle School,North Bend SD 13
209,North Bend Senior High School,North Bend SD 13
4199,North Central ESD Early Education Head Start,ODE Head Start
2296,North Central ESD EI/ECSE - Gilliam,High Desert ESD EI/ECSE - Deschutes (Area 2)
2364,North Central ESD EI/ECSE-Sherman,High Desert ESD EI/ECSE - Deschutes (Area 2)
2380,North Central ESD EI/ECSE-Wheeler,High Desert ESD EI/ECSE - Deschutes (Area 2)
4234,North Columbia Academy,Rainier SD 13
296,North Douglas Elementary School,North Douglas SD 22
297,North Douglas High School,North Douglas SD 22
536,North Eugene High School,Eugene SD 4J
938,North Gresham Elementary School,Gresham-Barlow SD 10J
1289,North Lake School,North Lake SD 14
726,North Marion High School,North Marion SD 15
724,North Marion Intermediate School,North Marion SD 15
725,North Marion Middle School,North Marion SD 15
3146,North Marion Primary School,North Marion SD 15
424,North Medford High School,Medford SD 549C
438,North Middle School,Grants Pass SD 7
1190,North Plains Elementary School,Hillsboro SD 1J
3365,North Powder Charter School,North Powder SD 8J
773,North Salem High School,Salem-Keizer SD 24J
457,North Valley High School,Three Rivers/Josephine County SD
2286,Northwest Regional Education Service District, Columbia Serv,Northwest Regional ESD
2365,Northwest Regional Education Service District, Tillamook Ser,Northwest Regional ESD
2377,Northwest Regional Program,Northwest Regional ESD
702,Nyssa Elementary School,Nyssa SD 26
704,Nyssa High School,Nyssa SD 26
703,Nyssa Middle School,Nyssa SD 26
1288,Oak Creek Elementary School,Lake Oswego SD 7J
643,Oak Elementary School,Greater Albany Public SD 8J
2376,Oak Grove Academy,Northwest Regional ESD
3342,Oak Grove Elementary,North Clackamas SD 12
639,Oak Grove Elementary School,Greater Albany Public SD 8J
415,Oak Grove Elementary School,Medford SD 549C
666,Oak Heights Elementary School,Sweet Home SD 55
1171,Oak Hills Elementary School,Beaverton SD 48J
990,Oakdale Heights Elementary School,Dallas SD 2
267,Oakland Elementary School,Oakland SD 1
268,Oakland High School,Oakland SD 1
596,Oaklea Middle School,Junction City SD 69
600,Oakridge Elementary School,Oakridge SD 76
602,Oakridge High School,Oakridge SD 76
601,Oakridge Junior High School,Oakridge SD 76
262,Obsidian Middle School,Redmond SD 2J
217,Ocean Crest Elementary School,Bandon SD 54
2387,Ocean Dunes High School,ODE YCEP District
617,Oceanlake Elementary School,Lincoln County SD
221,Ochoco Elementary School,Crook County SD
116,Ogden Middle School,Oregon City SD 62
614,Olalla Center for Children & Families,Lincoln County SD
1271,Old Mill Center for Children & Families,Linn Benton Lincoln ESD
962,Oliver Elementary School,Centennial SD 28J
699,Ontario High School,Ontario SD 8C
698,Ontario Middle School,Ontario SD 8C
3451,Opal School of the Portland Children's Museum,Portland SD 1J
3528,Optimum Learning Environment Charter School,Salem-Keizer SD 24J
370,Orchard Hill Elementary School,Phoenix-Talent SD 4
4672,Oregon Child Development Coalition (OCDC) of Jackson County,ODE Head Start
4673,Oregon Child Development Coalition (OCDC) of Klamath County,ODE Head Start
2530,Oregon Child Development Coalition (OCDC) of Marion County,ODE Head Start
4196,Oregon Child Development Coalition (OCDC) of Washington Coun,ODE Head Start
118,Oregon City Senior High School,Oregon City SD 62
2735,Oregon City Service Learning Academy,Oregon City SD 62
3990,Oregon Coast Technology School,North Bend SD 13
4399,Oregon Connections Academy,Scio SD 95
1832,Oregon School for the Deaf,Oregon Department of Education
5299,Oregon State Hospital - Junction City Campus,Lane ESD
1819,Oregon State Hospital Portland (educational program),Multnomah ESD
2334,Oregon State Hospital Salem (educational program),Willamette ESD
1380,Oregon State University Child Development Center,ODE Head Start
4820,Oregon Trail  Academy,Oregon Trail SD 46
4766,Oregon Trail Elementary School,North Clackamas SD 12
4690,Oregon Virtual Academy,North Bend SD 13
5062,Oregon Virtual Education - East,Sherman County SD
5061,Oregon Virtual Education - West,Gaston SD 511J
3160,Orenco Elementary School,Hillsboro SD 1J
159,Otto Petersen Elementary School,Scappoose SD 1J
229,Pacific High School,Port Orford-Langlois SD 2CJ
3360,Paisley School,Paisley SD 11
364,Parkdale Elementary School,Hood River County SD
963,Parklane Elementary School,Centennial SD 28J
931,Parkrose High School,Parkrose SD 3
930,Parkrose Middle School,Parkrose SD 3
1351,Parkside Elementary,Grants Pass SD 7
767,Parrish Middle School,Salem-Keizer SD 24J
880,Parry Center for Children,Portland SD 1J
3584,Parry Center SCIP,Portland SD 1J
384,Patrick Elementary School,Central Point SD 6
1233,Patton Middle School,McMinnville SD 40
3159,Paul L Patterson Elementary School,Hillsboro SD 1J
222,Paulina School,Crook County SD
462,Pelican Elementary School,Klamath Falls City Schools
1052,Pendleton High School,Pendleton SD 16
879,Peninsula Elementary School,Portland SD 1J
636,Periwinkle Elementary School,Greater Albany Public SD 8J
3378,Perrydale School,Perrydale SD 21
477,Peterson Elementary School,Klamath County SD
4435,Philander Lee Elementary School,Canby SD 86
20,Philomath Elementary School,Philomath SD 17J
22,Philomath High School,Philomath SD 17J
21,Philomath Middle School,Philomath SD 17J
371,Phoenix Elementary School,Phoenix-Talent SD 4
374,Phoenix High School,Phoenix-Talent SD 4
4391,Phoenix School,Douglas County SD 4
249,Pilot Butte Middle School,Bend-LaPine Administrative SD 1
1027,Pilot Rock Elementary School,Pilot Rock SD 2
1028,Pilot Rock High School,Pilot Rock SD 2
347,Pine Creek Elementary School,Pine Creek SD 5
15,Pine Eagle Charter School,Pine Eagle SD 61
3947,Pine Ridge Elementary,Bend-LaPine Administrative SD 1
407,Pinehurst Elementary School,Pinehurst SD 94
697,Pioneer Elementary School,Ontario SD 8C
3504,Pioneer School,Lebanon Community SD 9
4392,Pioneer Secondary Alternative High School,Crook County SD
500,Pleasant Hill Elementary School,Pleasant Hill SD 1
502,Pleasant Hill High School,Pleasant Hill SD 1
966,Pleasant Valley Elementary School,Centennial SD 28J
497,Plush Elementary School,Plush SD 18
1260,Polk ADTC,Dallas SD 2
2816,Polk County Jail,Dallas SD 2
4646,Ponderosa Elementary,Bend-LaPine Administrative SD 1
463,Ponderosa Middle School,Klamath Falls City Schools
4400,Portland Arthur Academy Charter School,Portland SD 1J
2531,Portland Public Schools Head Start,ODE Head Start
4534,Portland Village School,Portland SD 1J
223,Powell Butte Community Charter School,Crook County SD
939,Powell Valley Elementary School,Gresham-Barlow SD 10J
210,Powers Elementary School,Powers SD 31
211,Powers High School,Powers SD 31
3349,Prairie City School,Prairie City SD 4
3567,Prairie Mountain School,Bethel SD 52
780,Pratum Elementary School,Silver Falls SD 4J
925,Prescott Elementary School,Parkrose SD 3
756,Pringle Elementary School,Salem-Keizer SD 24J
4108,Project LISTO Even Start,Southern Oregon ESD
3356,Prospect Charter School,Prospect SD 59
5270,Providence Pediatric Nursing Facility,Portland SD 1J
87,Putnam High School,North Clackamas SD 12
4643,Quatama Elementary School,Hillsboro SD 1J
1196,R A Brown Middle School,Hillsboro SD 1J
247,R E Jewell Elementary School,Bend-LaPine Administrative SD 1
174,Rainier Jr/Sr High School,Rainier SD 13
1172,Raleigh Hills Elementary School,Beaverton SD 48J
1173,Raleigh Park Elementary School,Beaverton SD 48J
3448,REALMS (Rimrock Expeditionary Alternative Learning Middle Sc,Bend-LaPine Administrative SD 1
139,Redland Elementary School,Oregon City SD 62
263,Redmond High School,Redmond SD 2J
4729,Redmond Proficiency Academy,Redmond SD 2J
439,Redwood Elementary School,Grants Pass SD 7
310,Reedsport Community Charter School,Reedsport SD 105
1149,Reedville Elementary School,Hillsboro SD 1J
4818,Renaissance Public Academy,Molalla River SD 35
4079,Resource Link Charter School,Coos Bay SD 9
4216,Reynolds Arthur Academy,Reynolds SD 7
957,Reynolds High School,Reynolds SD 7
1343,Reynolds Learning Academy,Reynolds SD 7
1254,Reynolds Middle School,Reynolds SD 7
385,Richardson Elementary School,Central Point SD 6
883,Richmond Elementary School,Portland SD 1J
757,Richmond Elementary School,Salem-Keizer SD 24J
304,Riddle Elementary School,Riddle SD 70
305,Riddle High School,Riddle SD 70
3233,Ridgeline Montessori,Eugene SD 4J
553,Ridgeview Elementary School,Springfield SD 19
5058,Ridgeview High School,Redmond SD 2J
1174,Ridgewood Elementary School,Beaverton SD 48J
1299,Rieke Elementary School,Portland SD 1J
884,Rigler Elementary School,Portland SD 1J
231,Riley Creek Elementary School,Central Curry SD 1
56,River Grove Elementary School,Lake Oswego SD 7J
525,River Road/El Camino del Rio Elementary School,Eugene SD 4J
1352,Riverbend Elementary School,Springfield SD 19
2386,RiverBend High School,ODE YCEP District
985,Riverdale Grade School,Riverdale SD 51J
1345,Riverdale High School,Riverdale SD 51J
4856,Rivers Edge Academy Charter School,Rogue River SD 35
440,Riverside Elementary School,Grants Pass SD 7
76,Riverside Elementary School,North Clackamas SD 12
820,Riverside Junior/Senior High School,Morrow SD 1
3503,Riverview School,Lebanon Community SD 9
716,Robert Frost Elementary School,Silver Falls SD 4J
1827,Robert S Farrell High School,ODE YCEP District
4596,Roberts High School,Salem-Keizer SD 24J
1175,Rock Creek Elementary School,Beaverton SD 48J
4767,Rock Creek Middle School,North Clackamas SD 12
3132,Rockville Elementary School,Jordan Valley SD 3
1036,Rocky Heights Elementary School,Hermiston SD 8
399,Rogue River Elementary School,Rogue River SD 35
401,Rogue River Junior/Senior High,Rogue River SD 35
4232,Ron Russell Middle School,David Douglas SD 40
465,Roosevelt Elementary School,Klamath Falls City Schools
417,Roosevelt Elementary School,Medford SD 549C
918,Roosevelt High School,Portland SD 1J
526,Roosevelt Middle School,Eugene SD 4J
829,Rosa Parks Elementary School,Portland SD 1J
280,Roseburg High School,Douglas County SD 4
4703,Rosedale Elementary School,Hillsboro SD 1J
2787,Rosemont Ridge Middle School,West Linn-Wilsonville SD 3J
885,Roseway Heights School,Portland SD 1J
4793,Rosland Elementary,Bend-LaPine Administrative SD 1
84,Rowe Middle School,North Clackamas SD 12
418,Ruch Elementary School,Medford SD 549C
128,Rural Dell Elementary School,Molalla River SD 35
926,Russell Elementary,Parkrose SD 3
886,Sabin Elementary School,Portland SD 1J
2734,Sabin-Schellenberg Professional-Technical Center,North Clackamas SD 12
927,Sacramento Elementary School,Parkrose SD 3
1789,SAFE Center School,Springfield SD 19
4581,Sage Community School,Klamath County SD
256,Sage Elementary School,Redmond SD 2J
5305,SAGE Youth Residential Program,Portland SD 1J
759,Salem Heights Elementary School,Salem-Keizer SD 24J
3542,Salem-Keizer Prekindergarten Head Start,ODE Head Start
3989,Salish Ponds Elementary School,Reynolds SD 7
987,Sam Barlow High School,Gresham-Barlow SD 10J
814,Sam Boardman Elementary School,Morrow SD 1
618,Sam Case Elementary School,Lincoln County SD
386,Sams Valley Elementary School,Central Point SD 6
4024,Samuel Brown Academy,Gervais SD 1
3505,Sand Ridge Charter School,Lebanon Community SD 9
1333,Sandstone Middle School,Hermiston SD 8
100,Sandy Grade School,Oregon Trail SD 46
141,Sandy High School,Oregon Trail SD 46
681,Santiam Elementary School,Santiam Canyon SD 129J
683,Santiam Junior/Senior High School,Santiam Canyon SD 129J
958,Sauvie Island Academy,Scappoose SD 1J
162,Scappoose High School,Scappoose SD 1J
161,Scappoose Middle School,Scappoose SD 1J
388,Scenic Middle School,Central Point SD 6
760,Schirle Elementary School,Salem-Keizer SD 24J
2781,Scholls Heights Elementary School,Beaverton SD 48J
1314,School of Science & Technology,Beaverton SD 48J
678,Scio High School,Scio SD 95
677,Scio Middle School,Scio SD 95
887,Scott Elementary School,Portland SD 1J
741,Scott Elementary School,Salem-Keizer SD 24J
785,Scotts Mills Elementary School,Silver Falls SD 4J
4713,Scouters Mountain Elementary,North Clackamas SD 12
152,Seaside Heights Elementary School,Seaside SD 10
154,Seaside High School,Seaside SD 10
4212,Self Enhancement, Inc/SEI Academy,Portland SD 1J
888,Sellwood Middle School,Portland SD 1J
330,Seneca Elementary School,John Day SD 3
674,Seven Oak Middle School,Lebanon Community SD 9
1270,Sexton Mountain Elementary School,Beaverton SD 48J
393,Shady Cove School,Eagle Point SD 9
478,Shasta Elementary School,Klamath County SD
587,Shasta Middle School,Bethel SD 52
928,Shaver Elementary School,Parkrose SD 3
538,Sheldon High School,Eugene SD 4J
4833,Sheridan AllPrep Academy,Sheridan SD 48J
1237,Sheridan High School,Sheridan SD 48J
2728,Sheridan Japanese School,Sheridan SD 48J
2732,Sheridan Spartan Academy,Sheridan SD 48J
1009,Sherman Elementary School,Sherman County SD
1010,Sherman Junior/Senior High School,Sherman County SD
4220,Sherwood Charter School,Sherwood SD 88J
1048,Sherwood Heights Elementary School,Pendleton SD 16
1193,Sherwood High School,Sherwood SD 88J
1192,Sherwood Middle School,Sherwood SD 88J
1806,Shriners Hospital (educational program) ,Multnomah ESD
4468,Siletz Valley Early College Academy,Lincoln County SD
4038,Siletz Valley Schools,Lincoln County SD
795,Silver Crest Elementary School,Silver Falls SD 4J
812,Silverton High School,Silver Falls SD 4J
4702,Silvies River Charter School,Frenchglen SD 16
264,Sisters Elementary School,Sisters SD 6
1294,Sisters High School,Sisters SD 6
1293,Sisters Middle School,Sisters SD 6
3369,Sitka Academy,Willamette ESD
889,Sitton Elementary School,Portland SD 1J
609,Siuslaw Elementary School,Siuslaw SD 97J
610,Siuslaw High School,Siuslaw SD 97J
608,Siuslaw Middle School,Siuslaw SD 97J
3217,Sky View Middle School,Bend-LaPine Administrative SD 1
890,Skyline Elementary School,Portland SD 1J
2733,Sojourner School,North Clackamas SD 12
650,South Albany High School,Greater Albany Public SD 8J
7,South Baker Intermediate School,Baker SD 5J
2287,South Coast ESD EI/ECSE - Coos/Curry,Linn-Benton-Lincoln ESD EI/ECSE (Area 4)
3037,South Coast Head Start,ODE Head Start
4221,South Columbia Family School,Scappoose SD 1J
539,South Eugene High School,Eugene SD 4J
2385,South Jetty High School,ODE YCEP District
1198,South Meadows Middle School,Hillsboro SD 1J
423,South Medford High School,Medford SD 549C
441,South Middle School,Grants Pass SD 7
1014,South Prairie Elementary School,Tillamook SD 9
775,South Salem High School,Salem-Keizer SD 24J
645,South Shore Elementary School,Greater Albany Public SD 8J
293,South Umpqua High School,South Umpqua SD 19
1109,South Wasco County High School,South Wasco County SD 1
4562,Southern Oregon ESD EI/ECSE-Josephine ,Douglas ESD EI/ECSE (Area 3)
1487,Southern Oregon Head Start,ODE Head Start
2303,Southern Oregon Regional Program,Southern Oregon ESD
2783,Southridge High School,Beaverton SD 48J
4604,Southwest Charter School,Oregon Department of Education
528,Spencer Butte Middle School,Eugene SD 4J
774,Sprague High School,Salem-Keizer SD 24J
3403,Spray School,Spray SD 1
529,Spring Creek Elementary School,Eugene SD 4J
3198,Spring Mountain Elementary School,North Clackamas SD 12
560,Springfield High School,Springfield SD 19
4712,Springville K-8 School,Beaverton SD 48J
4480,Springwater Environmental Sciences School,Oregon City SD 62
3577,Springwater Trail High School,Gresham-Barlow SD 10J
4602,St Helens Arthur Academy,St Helens SD 502
185,St Helens High School,St Helens SD 502
184,St Helens Middle School,St Helens SD 502
1167,St Marys Home for Boys- PACE,Northwest Regional ESD
793,St Marys Public School,Mt Angel SD 91
778,St Paul Elementary School,St Paul SD 45
779,St Paul High School,St Paul SD 45
47,Stafford Primary School,West Linn-Wilsonville SD 3J
1060,Stanfield Elementary School,Stanfield SD 61
1061,Stanfield Secondary School,Stanfield SD 61
788,Stayton Elementary School,North Santiam SD 29J
809,Stayton High School,North Santiam SD 29J
789,Stayton Middle School,North Santiam SD 29J
479,Stearns Elementary School,Klamath County SD
1082,Stella Mayfield Elementary School,Elgin SD 23
1331,Stephens Middle School,Salem-Keizer SD 24J
892,Stephenson Elementary School,Portland SD 1J
2316,Stepping Stone Lodge,Eugene SD 4J
2782,Stoller Middle School,Beaverton SD 48J
4859,Straub Middle School,Salem-Keizer SD 24J
717,Sublimity Elementary School,North Santiam SD 29J
4639,Sue Buel Elementary,McMinnville SD 40
3216,Summit High School,Bend-LaPine Administrative SD 1
761,Sumpter Elementary School,Salem-Keizer SD 24J
4823,Sunny Wolf Charter School,Three Rivers/Josephine County SD
78,Sunnyside Elementary School,North Clackamas SD 12
893,Sunnyside Environmental School,Portland SD 1J
276,Sunnyslope Elementary School,Douglas County SD 4
1051,Sunridge Middle School,Pendleton SD 16
644,Sunrise Elementary School,Greater Albany Public SD 8J
1037,Sunset Elementary School,Hermiston SD 8
1188,Sunset High School,Beaverton SD 48J
48,Sunset Primary School,West Linn-Wilsonville SD 3J
199,Sunset School,Coos Bay SD 9
349,Suntex Elementary School,Suntex SD 10
321,Sutherlin High School,Sutherlin SD 130
319,Sutherlin Middle School,Sutherlin SD 130
4484,Sweet Home Charter School,Sweet Home SD 55
669,Sweet Home High School,Sweet Home SD 55
668,Sweet Home Junior High School,Sweet Home SD 55
950,Sweetbriar Elementary School,Reynolds SD 7
762,Swegle Elementary School,Salem-Keizer SD 24J
394,Table Rock Elementary,Eagle Point SD 9
620,Taft Elementary School,Lincoln County SD
628,Taft High School,Lincoln County SD
647,Takena Elementary School,Greater Albany Public SD 8J
372,Talent Elementary School,Phoenix-Talent SD 4
373,Talent Middle School,Phoenix-Talent SD 4
1001,Talmadge Middle School,Central SD 13J
646,Tangent Elementary School,Greater Albany Public SD 8J
1176,Terra Linda Elementary School,Beaverton SD 48J
260,Terrebonne Community School,Redmond SD 2J
1297,Territorial Elementary School,Junction City SD 69
1252,The Child Center,Springfield SD 19
2516,The Childrens Learning Center,ODE Head Start
4746,The Community Roots School,Silver Falls SD 4J
1101,The Dalles High School,North Wasco County SD 21
1100,The Dalles Middle School,North Wasco County SD 21
4720,The Ivy School,Oregon Department of Education
2300,The Next Door,Hood River County SD
1250,Therapeutic Learning Center,Douglas ESD
1144,Thomas R Fowler Middle School,Tigard-Tualatin SD 23J
4609,Three Lakes High School,ODE YCEP District
3452,Three Rivers Charter School,West Linn-Wilsonville SD 3J
1266,Three Rivers Elementary School,Bend-LaPine Administrative SD 1
556,Thurston Elementary School,Springfield SD 19
561,Thurston High School,Springfield SD 19
557,Thurston Middle School,Springfield SD 19
1146,Tigard High School,Tigard-Tualatin SD 23J
2817,Tillamook County Jail,Tillamook SD 9
1017,Tillamook High School,Tillamook SD 9
1016,Tillamook Junior High School,Tillamook SD 9
4744,Timber Ridge School,Greater Albany Public SD 8J
1302,Tobias Elementary School,Hillsboro SD 1J
611,Toledo Elementary School,Lincoln County SD
629,Toledo Junior/Senior High School,Lincoln County SD
4429,Tom McCall Elementary School,Redmond SD 2J
1127,Tom McCall Upper Elementary,Forest Grove SD 15
4588,Trask River High School,ODE YCEP District
292,Tri City Elementary School,South Umpqua SD 19
3401,Triangle Lake Charter School,Blachly SD 90
3616,Trillium ,Portland SD 1J
5057,Trillium Creek Primary School,West Linn-Wilsonville SD 3J
951,Troutdale Elementary School,Reynolds SD 7
1092,Troy Elementary School,Troy SD 54
1143,Tualatin Elementary School,Tigard-Tualatin SD 23J
1301,Tualatin High School,Tigard-Tualatin SD 23J
261,Tumalo Community School,Redmond SD 2J
790,Turner Elementary School,Cascade SD 5
1145,Twality Middle School,Tigard-Tualatin SD 23J
530,Twin Oaks Elementary School,Eugene SD 4J
5059,Two Rivers Dos Rios Elementary ,Springfield SD 19
3432,Ukiah School,Ukiah SD 80R
2818,Umatilla County Jail,Pendleton SD 16
1033,Umatilla High School,Umatilla SD 6R
3075,Umatilla-Morrow Head Start - Umatilla Center,ODE Head Start
2819,Union County Corrections Facility,La Grande SD 1
489,Union Elementary School,Lake County SD 7
1074,Union Elementary School,Union SD 5
1075,Union High School,Union SD 5
2512,United Community Action Network Head Start,ODE Head Start
4378,URCEO-Upper Rogue Center for Educational Opportunities,Eagle Point SD 9
701,Vale Elementary School,Vale SD 84
713,Vale High School,Vale SD 84
1357,Vale Middle School,Vale SD 84
4390,Valley Inquiry Charter School,Salem-Keizer SD 24J
1360,Valor Middle School,Woodburn SD 103
566,Veneta Elementary School,Fern Ridge SD 28J
978,Ventura Park Elementary School,David Douglas SD 40
1325,Vern Patrick Elementary School,Redmond SD 2J
4714,Verne A Duncan Elementary School,North Clackamas SD 12
895,Vernon Elementary School,Portland SD 1J
177,Vernonia Elementary School,Vernonia SD 47J
178,Vernonia High School,Vernonia SD 47J
4396,Vernonia Middle School,Vernonia SD 47J
896,Vestal Elementary School,Portland SD 1J
777,Victor Point Elementary School,Silver Falls SD 4J
79,View Acres Elementary School,North Clackamas SD 12
3229,Village School,Eugene SD 4J
1177,Vose Elementary School,Beaverton SD 48J
1119,W L Henry Elementary School,Hillsboro SD 1J
1114,W Verne McKinney Elementary School,Hillsboro SD 1J
711,W W Jones Elementary School,Arock SD 81
5250,Wahtonka Community School,North Wasco County SD 21
5160,Wake Robin School,Linn Benton Lincoln ESD
768,Waldo Middle School,Salem-Keizer SD 24J
630,Waldport High School,Lincoln County SD
379,Walker Elementary School,Ashland SD 5
769,Walker Middle School,Salem-Keizer SD 24J
1088,Wallowa Elementary School,Wallowa SD 12
1089,Wallowa High School,Wallowa SD 12
2263,Walt Morey Middle School,Reynolds SD 7
137,Walter L Kraxberger Middle School,Gladstone SD 115
558,Walterville Elementary School,Springfield SD 19
432,Warm Springs K-8 Academy,Jefferson County SD 509J
160,Warren Elementary School,Scappoose SD 1J
156,Warrenton Grade School,Warrenton-Hammond SD 30
157,Warrenton High School,Warrenton-Hammond SD 30
1232,Wascher Elementary School,McMinnville SD 40
2820,Wasco County Jail,North Wasco County SD 21
2821,Washington County Jail,Hillsboro SD 1J
419,Washington Elementary School,Medford SD 549C
1049,Washington Elementary School,Pendleton SD 16
763,Washington Elementary School,Salem-Keizer SD 24J
797,Washington Elementary School,Woodburn SD 103
648,Waverly Elementary School,Greater Albany Public SD 8J
3374,Weddle Elementary School,Salem-Keizer SD 24J
88,Welches Elementary School,Oregon Trail SD 46
2392,Welches Middle School,Oregon Trail SD 46
4541,Wellness, Business and Sports School,Woodburn SD 103
649,West Albany High School,Greater Albany Public SD 8J
940,West Gresham Elementary School,Gresham-Barlow SD 10J
1050,West Hills Intermediate,Pendleton SD 16
4045,West Lane Technology Learning Center,Fern Ridge SD 28J
51,West Linn High School,West Linn-Wilsonville SD 3J
942,West Orient Middle School,Gresham-Barlow SD 10J
1038,West Park Elementary School,Hermiston SD 8
979,West Powellhurst Elementary School,David Douglas SD 40
3463,West Salem High School,Salem-Keizer SD 24J
320,West Sutherlin Intermediate,Sutherlin SD 130
898,West Sylvan Middle School,Portland SD 1J
1178,West Tualatin View Elementary School,Beaverton SD 48J
1111,West Union Elementary School,Hillsboro SD 1J
1055,Weston Middle School,Athena-Weston SD 29RJ
1056,Weston-McEwen High School,Athena-Weston SD 29RJ
58,Westridge Elementary School,Lake Oswego SD 7J
366,Westside Elementary School,Hood River County SD
3221,Westside Village Magnet School at Kingston Elementary School,Bend-LaPine Administrative SD 1
1320,Westview High School,Beaverton SD 48J
72,Whitcomb Elementary School,North Clackamas SD 12
4021,White Mountain Middle School,Eagle Point SD 9
921,White Shield Home,Portland SD 1J
770,Whiteaker Middle School,Salem-Keizer SD 24J
1185,Whitford Middle School,Beaverton SD 48J
900,Whitman Elementary School,Portland SD 1J
993,Whitworth Elementary School,Dallas SD 2
4405,Wildflowers,Portland SD 1J
952,Wilkes Elementary School,Reynolds SD 7
534,Willagillespie Elementary School,Eugene SD 4J
588,Willamette High School,Bethel SD 52
4058,Willamette Leadership Academy,Springfield SD 19
1286,Willamette Primary School,West Linn-Wilsonville SD 3J
1224,Willamina Elementary School,Willamina SD 30J
1226,Willamina High School,Willamina SD 30J
1225,Willamina Middle School ,Willamina SD 30J
4680,William E Miller Elementary,Bend-LaPine Administrative SD 1
122,William Knight Elementary School,Canby SD 86
1828,William P Lord High School,ODE YCEP District
1179,William Walker Elementary School,Beaverton SD 48J
453,Williams Elementary School,Three Rivers/Josephine County SD
1071,Willow Elementary School,La Grande SD 1
706,Willowcreek Elementary School,Vale SD 84
39,Wilson Elementary School,Corvallis SD 509J
420,Wilson Elementary School,Medford SD 549C
922,Wilson High School,Portland SD 1J
1323,Wilsonville High School,West Linn-Wilsonville SD 3J
277,Winchester Elementary,Douglas County SD 4
4047,Windy River Elementary School,Morrow SD 1
315,Winston Middle School,Winston-Dillard SD 116
4857,Winter Lakes School,Coquille SD 8
1364,Winterhaven School,Portland SD 1J
1151,Witch Hazel Elementary School,Hillsboro SD 1J
4542,Woodburn Academy of Art, Science and Technology,Woodburn SD 103
4230,Woodburn Arthur Academy,Woodburn SD 103
4543,Woodburn Arts and Communications Academy,Woodburn SD 103
4590,Woodburn Family Literacy Center,Woodburn SD 103
4544,Woodburn Success,Woodburn SD 103
5063,Woodland Charter School,Three Rivers/Josephine County SD
1365,Woodland Elementary,Reynolds SD 7
902,Woodlawn Elementary School,Portland SD 1J
903,Woodmere Elementary School,Portland SD 1J
904,Woodstock Elementary School,Portland SD 1J
737,Wright Elementary School,Salem-Keizer SD 24J
367,WyEast Middle School,Hood River County SD
1213,Yamhill Carlton Elementary School,Yamhill Carlton SD 1
1238,Yamhill Carlton High School,Yamhill Carlton SD 1
4564,Yamhill Carlton Intermediate School,Yamhill Carlton SD 1
2822,Yamhill County Jail,McMinnville SD 40
2858,Yamhill County Juvenile,ODE JDEP District
559,Yolanda Elementary School,Springfield SD 19
299,Yoncalla Elementary School,Yoncalla SD 32
300,Yoncalla High School,Yoncalla SD 32
764,Yoshikai Elementary School,Salem-Keizer SD 24J
1259,Yujin Gakuen Elementary School,Eugene SD 4J
